{
  "val_loss": 1.6351978949138097,
  "val_ppl": 5.130473191122934,
  "val_bleu": 18.13513940910254,
  "test_loss": 1.6018103790283202,
  "test_ppl": 4.96200741203626,
  "test_bleu": 20.022012489810823
}