{
  "train_losses": [
    5.401765065621012,
    3.0590213998731195,
    2.5801492761803204,
    2.3229261434289175,
    2.165006025760524,
    2.058401674818674,
    1.9804579437019587,
    1.9208907794967196,
    1.8731814352335747,
    1.834238875064003,
    1.80143813089864,
    1.774097781305689,
    1.7511794026391694,
    1.7323462376125256,
    1.716689802074758,
    1.7049494434387482,
    1.6953405823555099,
    1.6892675589197579,
    1.6851276875060377,
    1.6829625818900387
  ],
  "val_losses": [
    3.309070212500436,
    2.571266378675188,
    2.225003251007625,
    2.0252452066966464,
    1.918932352747236,
    1.8468580160822188,
    1.7913861530167716,
    1.7535478387560164,
    1.7256287932395935,
    1.7015793408666338,
    1.6825140288897924,
    1.6703346456800188,
    1.6625157168933324,
    1.6521444746426173,
    1.6439542089189803,
    1.6408876265798296,
    1.6369925056185042,
    1.6358338338988168,
    1.6352844153131758,
    1.6351978949138097
  ],
  "test_loss": 1.6018103790283202,
  "test_ppl": 4.96200741203626,
  "best_val_loss": 1.6351978949138097
}